ID,A1a.,A1b.,A2.,A3.,A4.,A5a.,A5b.,A5c.,A5d.
0,0,1,1,1,1,0,0,0,0
1,0,0,2,2,2,1,0,1,0
2,1,0,1,0,3,1,0,1,0
3,0,2,2,2,3,0,0,0,0
4,1,1,2,1,0,1,0,1,0
5,0,0,1,1,0,0,0,1,0
6,1,0,1,2,0,0,0,1,0
7,0,1,1,2,3,1,1,1,1
8,0,0,1,2,1,0,0,1,0
9,1,2,2,1,0,1,1,1,1
10,1,0,2,2,0,1,1,1,1
11,1,1,1,2,2,1,1,1,1
12,0,1,0,1,0,1,0,1,0
13,0,0,2,1,1,0,0,0,0
14,0,2,1,1,0,0,0,0,0
15,0,1,0,0,0,0,0,0,0
16,0,0,2,2,1,1,1,1,1
17,1,1,1,2,2,1,0,1,0
18,0,0,1,2,3,1,1,1,1
19,1,1,2,2,1,1,0,1,0
20,1,1,2,2,1,1,0,1,0
21,0,0,0,1,0,0,0,0,0
22,0,1,2,1,3,1,1,1,1
23,0,0,1,1,0,0,0,0,0
24,0,0,0,0,0,0,0,0,0
25,1,0,2,0,1,1,0,1,0
26,0,0,1,2,1,1,0,1,0
27,1,1,2,2,3,1,1,1,1
28,0,1,1,2,1,0,0,0,0
29,1,1,2,2,3,1,1,1,1
30,0,1,2,1,1,1,1,1,1
31,1,0,0,1,0,1,0,1,0
32,1,1,2,2,3,0,0,0,0
33,0,0,1,1,0,1,0,1,1
34,0,0,0,1,0,0,0,0,0
35,0,0,1,2,2,1,0,1,0
36,0,1,1,0,0,1,1,1,1
37,1,1,1,0,0,1,1,1,1
38,0,0,1,0,0,0,0,0,0
39,0,0,1,1,1,1,0,1,1
40,1,1,2,1,1,0,0,0,0
41,1,1,1,1,2,1,0,1,0
42,0,0,0,0,1,0,0,0,0
43,1,1,2,2,1,0,0,0,0
44,1,0,2,2,2,1,1,1,0
45,0,0,1,2,3,0,0,0,0
46,0,0,0,0,0,0,0,0,0
47,0,0,0,0,0,0,0,0,0
48,1,0,2,2,3,1,0,1,1
49,0,1,1,1,0,0,0,0,0
50,0,0,1,2,0,1,1,1,1
51,0,0,1,0,0,0,0,0,0
52,0,0,0,2,0,0,0,1,0
53,0,0,1,2,1,0,0,0,0
54,1,1,1,1,0,0,0,0,0
55,1,1,1,1,2,1,1,1,1
56,0,0,0,2,0,0,0,0,0
57,0,0,0,0,0,0,0,0,0
58,0,0,0,0,1,0,0,0,0
59,1,0,0,0,0,1,1,1,1
60,0,0,0,0,0,1,1,1,1
61,0,0,1,2,1,1,1,1,1
62,0,0,0,0,1,0,0,0,0
63,0,0,0,0,0,0,0,0,0
64,1,0,1,1,0,1,1,1,1
65,0,0,1,2,3,1,0,0,0
66,1,1,2,2,1,1,0,1,0
67,0,2,1,2,2,1,1,1,1
68,0,2,2,2,2,1,0,1,0
69,0,0,1,1,3,1,0,1,1
70,0,0,1,2,0,0,0,0,0
71,0,0,0,1,0,0,0,0,0
72,1,2,2,1,0,1,1,1,1
73,0,2,2,2,3,0,0,0,0
74,1,1,1,1,2,0,0,0,0
75,0,0,0,1,0,1,0,1,0
76,1,1,1,2,1,0,0,0,0
77,0,0,2,2,2,1,1,1,1
78,0,1,2,1,0,1,0,1,0
79,1,1,2,2,0,0,0,0,0
80,1,2,1,0,0,0,0,0,0
81,0,0,1,2,2,1,1,1,1
82,1,0,1,0,0,1,0,1,0
83,0,1,0,2,0,1,0,0,0
84,0,0,1,2,2,0,0,0,0
85,0,0,0,1,1,1,0,1,0
86,0,2,1,1,0,0,0,0,0
87,0,1,1,1,1,1,1,1,1
88,1,2,2,2,1,1,0,1,0
89,1,2,2,2,1,0,0,0,0
90,1,1,2,2,3,1,1,1,1
91,0,0,0,0,0,1,1,1,1
92,1,1,1,0,0,1,1,1,1
93,0,1,1,2,0,1,0,0,0
94,0,0,0,0,0,1,0,1,0
95,1,1,2,2,0,1,0,1,0
96,0,0,0,2,1,1,1,1,1
97,0,0,0,0,0,0,0,0,0
98,1,2,1,1,1,0,0,0,0
99,1,1,1,1,1,0,0,0,0
100,0,1,2,0,0,0,0,0,0
101,0,0,0,0,0,0,0,0,0
102,0,1,1,1,2,1,0,1,1
103,1,2,2,1,1,1,1,1,1
104,1,2,2,1,0,1,1,1,1
105,1,0,0,1,0,1,1,1,1
106,1,0,2,1,1,0,0,0,0
107,0,2,2,2,1,1,0,1,0
108,0,0,0,0,0,0,0,0,0
109,1,1,2,1,1,0,0,0,0
110,1,1,1,2,3,1,1,1,1
111,0,2,2,2,3,1,1,1,1
112,0,0,1,2,0,1,0,0,0
113,1,2,1,1,0,1,0,1,0
114,1,1,2,1,2,1,1,1,1
115,0,0,0,2,0,1,0,1,0
116,0,0,2,0,0,1,0,1,0
117,1,1,2,1,1,1,1,1,0
118,1,2,2,1,3,1,1,1,1
119,0,2,2,2,3,0,0,0,0
120,1,2,2,2,3,0,0,0,0
121,0,0,0,0,0,0,0,1,0
122,0,1,0,0,0,0,0,0,0
123,1,1,1,2,0,1,0,1,0
124,0,0,1,1,0,0,0,0,0
125,0,0,0,2,0,0,0,0,0
126,1,1,2,1,3,0,0,0,0
127,0,0,0,2,1,0,0,1,0
128,0,1,2,0,1,0,0,0,0
129,0,0,1,1,0,0,0,0,0
130,0,2,2,2,3,1,1,1,0
131,0,0,0,2,0,0,0,0,0
132,1,1,2,1,2,0,0,0,0
133,0,2,2,2,1,1,1,1,1
134,0,1,0,1,0,1,1,1,1
135,1,1,2,1,1,1,0,1,0
136,1,2,1,2,1,1,1,1,1
137,1,1,1,2,3,1,1,1,1
138,1,1,2,0,0,1,0,1,0
139,1,2,1,1,2,0,0,0,0
140,1,0,1,1,2,1,1,1,1
141,0,1,1,0,0,0,0,0,0
142,1,0,1,1,1,0,0,0,0
143,0,0,0,2,1,0,0,1,0
144,1,1,2,2,3,0,0,1,0
145,0,0,2,2,1,1,0,0,0
146,0,0,0,2,1,0,0,0,0
147,0,0,0,1,0,0,0,0,0
148,1,0,0,2,1,1,0,1,0
149,0,0,0,1,0,1,1,1,1
150,0,0,1,2,0,1,0,1,0
151,1,1,2,0,3,1,1,1,1
152,1,1,1,1,2,1,1,1,1
153,0,1,0,0,0,0,0,0,0
154,1,0,2,2,1,0,0,0,0
155,1,2,2,1,1,0,0,1,0
156,1,0,0,0,0,0,0,0,0
157,0,1,1,1,1,0,0,0,0
158,1,2,2,2,3,1,1,1,1
159,0,1,0,0,0,1,0,0,0
160,0,2,0,1,0,0,0,0,0
161,1,0,2,2,1,1,0,1,0
162,0,0,0,1,1,1,1,1,1
163,1,1,2,2,1,1,1,1,1
164,1,0,0,1,0,0,0,1,0
165,0,1,0,0,0,0,0,0,0
166,1,0,2,2,2,0,0,0,0
167,1,0,0,1,0,0,0,0,0
168,0,0,0,1,0,0,0,0,0
169,0,0,2,2,0,1,0,1,0
170,0,0,0,1,1,1,0,1,0
171,0,1,2,1,3,0,0,0,0
172,1,1,2,1,1,1,0,1,0
173,0,0,1,2,0,1,0,0,0
174,0,1,0,0,1,0,0,0,0
175,1,0,1,2,1,0,0,0,0
176,1,1,1,2,1,1,1,1,1
177,0,0,0,2,0,0,0,0,0
178,1,1,2,1,2,1,1,1,0
179,1,0,1,2,2,1,1,1,1
180,1,1,2,1,0,1,1,1,1
181,0,0,1,1,2,1,0,1,1
182,1,1,2,1,2,0,0,0,0
183,0,0,1,0,0,0,0,0,0
184,0,1,0,1,0,0,0,0,0
185,0,0,1,0,1,1,1,1,1
186,1,0,0,2,3,1,1,1,1
187,0,0,0,1,3,1,0,1,1
188,0,1,1,2,1,1,1,1,1
189,0,0,0,1,2,1,0,1,1
190,1,2,1,2,2,1,1,1,1
191,0,0,1,2,0,1,1,1,0
192,0,1,2,2,1,1,1,1,1
193,1,2,2,2,3,0,0,0,0
194,0,0,0,0,0,1,1,1,1
195,1,2,1,2,0,1,1,1,1
196,1,1,2,1,1,0,0,0,0
197,0,1,2,2,3,1,0,1,0
198,0,0,1,2,0,1,1,1,1
199,0,0,1,1,0,1,1,1,1
200,0,0,0,1,0,1,1,1,1
201,0,1,0,0,0,1,0,1,0
202,0,0,0,2,1,1,0,1,0
203,1,1,2,2,1,1,1,1,1
204,1,2,1,2,0,1,0,1,0
205,0,1,2,2,1,1,0,1,0
206,0,2,2,2,3,1,0,1,0
207,1,1,0,1,0,0,0,0,0
208,1,1,1,2,3,1,1,1,1
209,0,0,0,1,0,0,0,0,0
210,1,1,2,2,3,1,1,1,1
211,0,2,1,2,1,0,0,0,0
212,1,1,0,0,1,1,1,1,1
213,0,0,1,0,0,0,0,0,0
214,1,1,2,2,2,1,1,1,1
215,0,0,0,2,0,0,0,0,0
216,1,1,1,1,2,1,1,1,1
217,0,0,0,2,1,1,1,1,1
218,1,1,1,1,0,1,1,1,1
219,1,1,0,2,0,1,1,1,1
220,0,0,0,0,0,1,0,1,0
221,0,1,1,1,0,1,1,1,1
222,0,0,1,2,0,0,0,1,0
223,1,2,2,2,3,0,0,0,0
224,1,2,2,0,3,1,1,1,1
225,0,0,0,0,0,0,0,0,0
226,0,0,0,2,0,1,1,1,1
227,0,1,0,2,2,1,1,1,1
228,1,2,2,2,0,0,0,0,0
229,1,0,0,1,0,1,1,1,1
230,0,1,0,1,1,0,0,0,0
231,0,1,0,2,1,0,0,0,0
232,0,0,2,1,1,0,0,0,0
233,1,0,0,1,0,1,0,1,0
234,1,2,1,1,1,1,1,1,1
235,0,0,1,2,0,0,0,0,0
236,1,1,2,1,1,1,0,1,0
237,1,0,0,0,0,1,1,1,1
238,0,0,2,1,2,1,1,1,1
239,0,0,0,1,0,0,0,0,0
240,0,1,0,0,0,1,0,1,0
241,1,1,1,0,1,1,1,1,1
242,1,1,2,1,3,1,0,1,0
243,1,1,2,0,3,1,0,1,0
244,0,0,1,1,1,1,0,1,0
245,0,1,1,1,0,1,1,1,1
246,0,0,0,0,0,0,0,0,0
247,0,0,0,2,3,1,0,0,0
248,0,1,2,0,3,1,1,1,1
249,0,0,0,2,2,1,1,1,1
250,0,0,0,0,1,0,0,0,0
251,1,0,2,2,1,0,0,0,0
252,1,2,2,1,3,1,1,1,1
253,0,0,0,1,0,1,0,1,0
254,1,1,1,2,3,1,1,1,1
255,1,1,2,2,3,1,1,1,1
256,1,2,2,1,1,0,0,0,0
257,0,1,2,2,3,0,0,1,0
258,0,1,2,2,1,1,1,1,1
259,0,0,1,1,1,1,0,1,0
260,1,1,1,2,1,0,0,0,0
261,0,0,1,1,1,1,0,1,0
262,0,0,0,2,0,1,1,1,1
263,1,0,0,2,3,0,0,0,0
264,1,1,1,0,1,1,1,1,1
265,0,0,0,2,1,0,0,0,0
266,0,1,1,2,3,0,0,0,0
267,1,2,1,1,0,0,0,0,0
268,1,1,2,2,3,1,1,1,1
269,1,2,2,2,0,0,0,0,0
270,1,1,2,2,1,1,0,1,0
271,0,2,2,2,0,1,0,0,0
272,1,0,1,1,2,1,0,1,0
273,0,0,0,1,0,0,0,0,0
274,0,2,2,2,1,0,0,0,0
275,0,0,0,0,0,0,0,1,0
276,0,0,0,0,0,0,0,0,0
277,0,0,1,2,3,0,0,0,0
278,1,1,0,1,2,1,0,1,0
279,0,0,0,1,1,1,0,0,0
280,0,1,1,2,1,0,0,0,0
281,0,0,2,1,0,1,1,1,1
282,0,1,1,1,0,0,0,0,0
283,1,0,2,2,1,1,1,1,0
284,1,0,0,0,1,0,0,0,0
285,1,2,2,2,3,1,0,1,1
286,0,0,0,0,0,0,0,0,0
287,1,1,2,2,3,0,0,0,0
288,1,2,2,2,1,1,0,1,0
289,1,2,1,1,1,1,0,1,1
290,0,0,0,2,0,1,0,0,0
291,1,1,2,2,2,1,0,0,0
292,0,0,0,1,0,1,0,1,0
293,1,2,2,1,3,1,0,1,0
294,0,2,0,0,0,0,0,0,0
295,1,1,0,1,3,1,1,1,1
296,0,0,0,1,0,0,0,0,0
297,0,0,0,0,0,0,0,0,0
298,0,1,2,2,1,1,1,1,1
299,1,2,2,2,2,1,1,1,1
300,0,0,1,1,1,1,1,1,1
301,1,2,2,1,3,1,1,1,1
302,0,0,1,2,2,1,1,1,1
303,1,0,1,1,0,1,0,1,1
304,1,2,2,2,0,1,1,1,1
305,0,1,2,1,1,1,1,1,1
306,1,2,2,2,3,1,1,1,1
307,0,0,2,1,0,0,0,0,0
308,1,1,2,1,1,1,1,1,1
309,0,1,1,1,0,1,0,1,0
310,0,0,1,1,1,1,1,1,1
311,1,1,2,2,2,1,1,1,0
312,0,0,0,1,0,0,0,0,0
313,1,2,1,2,0,1,0,1,0
314,0,0,2,1,0,0,0,0,0
315,0,0,1,1,1,1,1,1,1
316,0,0,1,1,1,1,0,1,0
317,0,0,0,2,0,1,1,1,1
318,0,2,2,2,2,1,0,1,1
319,1,1,0,2,0,1,1,1,1
320,0,0,0,2,0,1,1,1,1
321,0,2,2,1,2,1,1,1,1
322,0,0,1,0,1,1,1,1,1
323,1,0,2,2,3,1,1,1,1
324,1,1,2,2,3,1,0,1,0
325,0,0,0,0,0,1,1,1,0
326,0,1,0,1,0,0,0,0,0
327,1,1,2,2,3,0,0,0,0
328,1,1,2,2,2,1,1,1,1
329,1,1,0,1,0,1,0,1,0
330,1,2,1,2,3,1,1,1,1
331,0,0,1,1,1,1,0,1,1
332,0,1,0,0,0,0,0,0,0
333,0,2,1,2,1,1,1,1,1
334,0,1,2,0,1,1,0,1,0
335,1,0,2,1,2,1,0,0,0
336,0,2,2,0,1,1,1,1,1
337,0,2,2,2,1,1,1,1,1
338,0,0,0,1,2,1,1,1,1
339,1,1,2,2,1,1,1,1,1
340,1,0,1,2,1,1,0,1,0
341,0,2,2,1,1,1,1,1,1
342,1,1,2,2,1,1,1,1,1
343,0,0,0,1,1,0,0,0,0
344,0,0,2,1,0,0,0,0,0
345,1,1,2,2,2,1,1,1,1
346,1,1,2,2,1,0,0,0,0
347,1,1,1,0,0,1,1,1,1
348,0,0,0,0,0,1,0,1,0
349,1,1,0,1,3,1,1,1,1
350,1,2,2,2,2,0,0,0,0
351,1,1,2,0,1,1,1,1,1
352,1,0,2,1,0,0,0,0,0
353,0,1,2,2,1,1,1,1,1
354,1,2,1,0,0,1,1,1,1
355,0,0,1,1,0,0,0,0,0
356,1,2,2,2,3,1,1,1,1
357,1,2,2,0,0,1,1,1,1
358,1,2,2,2,1,0,0,0,0
359,0,0,1,2,0,1,0,1,0
360,1,2,1,1,0,0,0,0,0
361,0,1,1,2,1,1,1,1,1
362,1,2,2,2,3,1,0,1,0
363,1,0,1,1,2,1,1,1,1
364,1,1,2,2,3,1,1,1,1
365,1,0,1,2,0,1,0,1,0
366,1,2,2,2,1,1,0,1,1
367,0,1,2,1,0,1,0,1,1
368,1,2,2,2,3,1,0,0,0
369,0,0,0,0,0,0,0,0,0
370,0,0,0,0,0,0,0,0,0
371,0,0,0,1,1,1,1,1,1
372,0,1,1,2,3,0,0,0,0
373,0,0,0,0,1,1,0,1,0
374,0,1,0,1,0,0,0,0,0
375,0,0,2,1,0,0,0,0,0
376,1,0,1,1,1,1,1,1,1
377,0,1,0,1,0,0,0,0,0
378,0,1,0,0,0,0,0,0,0
379,0,0,0,1,0,1,0,1,0
380,0,0,2,2,3,0,0,0,0
381,0,0,0,0,0,1,1,1,1
382,0,0,2,0,1,1,1,1,1
383,0,0,0,0,1,1,0,1,0
384,0,1,1,1,1,1,1,1,1
385,1,0,0,2,1,1,1,1,1
386,1,1,1,2,1,1,0,1,0
387,0,2,1,0,0,1,1,1,1
388,1,1,1,0,1,1,1,1,1
389,0,0,1,1,0,1,1,1,1
390,1,1,1,0,3,1,0,1,0
391,0,0,0,0,0,0,0,0,0
392,1,1,2,2,1,1,1,1,1
393,1,0,0,2,0,1,0,1,0
394,1,1,2,2,2,1,1,1,1
395,1,2,2,0,2,0,0,1,0
396,0,1,1,0,0,0,0,0,0
397,1,0,0,2,1,1,0,1,0
398,0,0,0,1,1,1,1,1,1
399,0,0,0,1,0,1,1,1,1
400,1,0,1,2,1,1,0,1,0
401,0,0,0,1,1,0,0,0,0
402,1,2,2,2,0,1,0,1,0
403,0,0,0,1,1,0,0,1,0
404,1,2,2,2,2,1,1,1,0
405,0,0,0,1,1,1,0,1,1
406,0,2,0,0,0,0,0,0,0
407,1,2,2,1,1,1,1,1,0
408,0,0,1,0,0,0,0,0,0
409,0,2,1,2,1,1,1,1,1
410,1,1,2,2,3,1,1,1,1
411,0,0,0,0,0,0,0,0,0
412,0,1,1,2,0,1,0,1,0
413,1,1,2,2,3,1,1,1,0
414,0,0,0,1,2,1,1,1,1
415,0,2,2,2,0,1,0,1,0
416,1,1,1,1,0,0,0,0,0
417,0,0,0,2,0,1,0,1,0
418,0,0,0,1,0,0,0,0,0
419,1,2,2,2,1,1,1,1,1
420,1,0,2,2,3,1,0,0,0
421,1,1,0,2,0,1,1,1,1
422,0,2,2,1,1,1,0,1,0
423,1,1,0,1,1,1,1,1,1
424,0,0,0,0,0,0,0,0,0
425,1,1,2,1,0,0,0,0,0
426,0,0,2,2,3,0,0,0,0
427,0,0,2,2,0,0,0,0,0
428,1,2,2,2,2,1,1,1,1
429,0,1,0,1,1,0,0,0,0
430,0,2,2,0,1,0,0,0,0
431,0,1,2,2,1,1,0,1,0
432,1,1,1,2,0,0,0,0,0
433,0,0,0,2,0,1,1,1,1
434,0,1,0,1,1,1,0,1,0
435,0,1,2,0,1,1,1,1,1
436,1,1,0,0,3,1,0,1,0
437,0,0,1,1,0,1,1,1,1
438,0,0,1,1,0,0,0,1,0
439,1,2,2,1,3,1,0,1,0
440,0,0,2,2,3,1,0,1,0
441,1,0,2,1,1,0,0,0,0
442,1,1,2,2,1,1,1,1,1
443,0,1,1,1,2,1,0,1,0
444,1,2,2,1,1,1,0,1,0
445,0,1,1,1,0,0,0,0,0
446,1,2,2,2,3,0,0,1,0
447,1,1,2,1,3,1,1,1,1
448,1,0,1,1,0,0,0,0,0
449,0,1,0,0,0,0,0,0,0
450,0,0,0,2,0,0,0,0,0
451,1,0,0,0,1,1,1,1,1
452,0,0,1,1,1,1,1,1,1
453,1,0,0,2,1,0,0,0,0
454,0,1,0,0,0,1,1,1,0
455,0,0,0,1,0,0,0,0,0
456,0,1,1,1,3,1,1,1,1
457,0,1,0,0,0,1,1,1,1
458,0,0,0,0,0,0,0,0,0
459,0,0,1,2,1,1,1,1,1
460,0,1,0,2,1,0,0,0,0
461,1,1,2,2,1,1,1,1,1
462,0,1,1,2,1,0,0,0,0
463,0,0,2,1,1,1,1,1,1
464,1,1,2,2,1,1,1,1,1
465,0,0,0,0,0,0,0,0,0
466,1,1,0,0,0,0,0,1,0
467,0,0,0,1,0,1,0,0,0
468,0,2,2,2,3,1,0,1,0
469,1,0,2,2,1,1,0,1,0
470,0,1,2,1,3,0,0,0,0
471,1,1,2,2,3,0,0,0,0
472,0,0,0,0,0,0,0,0,0
473,1,1,2,1,1,1,1,1,1
474,0,1,0,1,0,0,0,0,0
475,0,0,0,0,0,1,0,1,0
476,1,1,2,2,3,1,1,1,1
477,0,1,0,0,0,1,1,1,1
478,0,0,0,1,0,1,1,1,1
479,1,2,1,2,2,1,0,1,0
480,0,0,0,1,0,0,0,0,0
481,1,2,1,2,0,1,1,1,1
482,1,1,0,0,0,0,0,0,0
483,0,0,0,0,1,1,0,1,0
484,1,2,2,2,3,1,1,1,1
485,0,0,1,1,0,0,0,0,0
486,0,1,1,2,0,0,0,0,0
487,0,0,1,2,1,0,0,0,0
488,0,2,1,0,0,0,0,0,0
489,1,1,1,2,0,0,0,0,0
490,1,1,0,1,1,0,0,0,0
491,0,1,2,2,1,1,0,0,0
492,1,2,2,2,3,1,0,1,0
493,1,1,0,1,1,1,1,1,1
494,1,1,0,0,1,1,0,1,0
495,0,1,1,1,3,0,0,0,0
496,0,2,0,1,2,1,1,1,1
497,0,1,0,2,3,1,1,1,1
498,1,0,1,1,1,1,0,0,0
499,0,0,1,2,1,1,0,1,1
500,0,0,0,2,1,1,1,1,1
501,0,0,0,0,0,1,0,1,0
502,0,0,1,2,3,1,0,1,0
503,0,0,2,2,2,1,1,1,1
504,0,2,2,0,2,0,0,0,0
505,0,1,1,2,1,1,1,1,1
506,0,1,0,1,1,1,1,1,1
507,0,0,0,1,0,1,1,1,1
508,1,1,1,2,0,0,0,1,0
509,0,0,1,1,1,0,0,0,0
510,1,1,2,1,1,1,1,1,1
511,0,1,2,1,1,0,0,0,0
512,1,2,2,2,1,1,0,1,0
513,1,1,2,0,1,1,1,1,1
514,1,2,1,0,1,0,0,0,0
515,1,1,1,1,1,1,1,1,1
516,0,0,2,2,1,1,1,1,1
517,1,0,1,0,0,0,0,0,0
518,0,0,1,1,0,0,0,0,0
519,1,2,0,2,3,1,1,1,1
520,0,1,1,2,3,1,1,1,1
521,1,0,0,2,1,0,0,0,0
522,1,1,1,1,2,0,0,0,0
523,1,1,1,1,0,1,0,1,0
524,0,1,0,1,3,1,1,1,1
525,1,0,2,0,1,1,1,1,1
526,1,2,1,1,2,1,1,1,1
527,0,0,1,2,0,0,0,0,0
528,0,1,1,2,1,1,1,1,1
529,0,0,1,2,1,1,1,1,1
530,0,1,0,0,1,1,0,1,0
531,0,0,0,1,0,1,0,0,0
532,0,1,1,0,0,0,0,0,0
533,1,2,2,1,0,1,1,1,1
534,0,1,2,1,0,1,0,1,0
535,0,0,0,2,2,1,0,1,0
536,1,1,2,2,1,1,1,1,1
537,0,1,2,2,2,1,1,1,0
538,0,1,2,2,1,1,0,1,0
539,1,1,1,2,2,0,0,0,0
540,1,2,2,2,2,0,0,0,0
541,1,1,0,1,0,1,1,1,0
542,0,0,1,1,1,1,1,1,1
543,0,2,1,0,2,1,1,1,1
544,0,0,0,0,0,0,0,0,0
545,1,1,1,2,0,0,0,0,0
546,0,2,1,1,1,1,1,1,1
547,0,0,1,2,1,0,0,0,0
548,0,1,0,2,0,0,0,0,0
549,0,1,2,0,0,0,0,0,0
550,1,1,2,1,2,0,0,0,0
551,1,1,2,1,0,1,0,1,0
552,1,1,0,2,1,1,1,1,1
553,0,0,2,2,2,0,0,0,0
554,1,0,0,1,1,1,1,1,1
555,1,0,2,1,3,1,1,1,1
556,1,1,2,2,0,1,1,1,1
557,1,1,1,1,0,1,1,1,1
558,0,1,0,1,0,0,0,0,0
559,0,0,1,1,0,0,0,0,0
560,1,0,0,0,2,0,0,0,0
561,0,1,0,1,0,1,0,1,1
562,0,0,1,1,3,0,0,0,0
563,0,0,1,0,0,1,1,1,1
564,0,0,1,2,1,1,1,1,1
565,1,0,2,2,2,0,0,0,0
566,0,0,2,2,3,1,1,1,1
567,0,0,0,1,1,1,1,1,1
568,1,0,0,2,0,0,0,0,0
569,0,0,1,1,0,0,0,0,0
570,1,2,2,1,1,1,1,1,1
571,0,1,1,1,2,0,0,0,0
572,0,0,0,1,0,0,0,0,0
573,0,0,0,2,2,1,1,1,1
574,1,2,2,2,3,0,0,0,0
575,1,0,0,0,3,1,1,1,1
576,1,2,2,0,2,1,1,1,1
577,1,0,0,2,2,0,0,0,0
578,0,0,1,2,1,1,1,1,1
579,0,0,2,2,2,1,1,1,1
580,1,2,2,1,0,0,0,0,0
581,0,0,0,2,1,0,0,0,0
582,1,2,1,1,0,0,0,0,0
583,1,2,0,1,0,1,1,1,1
584,1,1,1,1,3,1,1,1,1
585,1,1,2,2,1,1,0,1,0
586,1,1,2,2,2,0,0,0,0
587,0,0,2,2,0,1,0,0,0
588,0,0,0,0,0,1,0,0,0
589,1,2,2,2,2,1,0,1,0
590,1,1,1,2,1,0,0,0,0
591,0,0,0,1,0,1,0,1,0
592,0,1,0,2,0,0,0,0,0
593,1,1,2,1,3,1,1,1,1
594,0,1,2,1,3,1,0,1,0
595,0,0,0,1,1,0,0,0,0
596,0,0,1,1,0,1,1,1,0
597,0,0,0,2,2,0,0,0,0
598,0,0,0,2,1,0,0,0,0
599,1,1,1,0,1,1,1,1,1
600,0,0,2,1,2,1,0,1,0
601,1,0,2,1,0,1,1,1,1
602,0,0,0,1,1,1,0,1,0
603,1,2,2,2,2,0,0,0,0
604,0,1,0,1,0,1,1,1,1
605,0,2,1,1,2,1,1,1,1
606,0,1,0,1,3,1,1,1,1
607,1,0,0,0,0,1,0,1,0
608,0,1,1,1,1,1,0,1,0
609,1,2,1,1,0,1,1,1,1
610,0,0,0,0,0,1,1,1,1
611,1,0,2,1,1,1,1,1,1
612,1,2,2,2,1,1,1,1,1
613,1,1,1,1,0,0,0,0,0
614,0,0,0,1,0,0,0,0,0
615,1,0,2,1,1,1,0,1,1
616,0,0,0,1,0,0,0,0,0
617,0,0,2,2,3,1,0,1,0
618,1,1,1,2,2,1,0,1,0
619,0,0,1,1,0,0,0,0,0
620,1,1,1,2,1,1,1,1,1
621,0,0,1,1,2,0,0,0,0
622,1,0,1,2,0,0,0,0,0
623,1,0,2,2,3,0,0,0,0
624,0,1,0,2,1,1,0,1,0
625,0,1,1,2,0,0,0,0,0
626,0,1,0,1,0,0,0,0,0
627,0,0,2,2,0,1,0,1,0
628,0,0,0,2,3,1,1,1,1
629,0,1,0,1,1,1,1,1,1
630,0,0,1,1,0,1,1,1,1
631,1,1,1,0,2,1,1,1,1
632,0,0,1,1,0,1,0,1,0
633,0,1,0,0,0,0,0,0,0
634,0,1,0,0,0,1,0,1,0
635,1,1,2,2,1,0,0,0,0
636,0,0,1,0,1,1,0,1,0
637,0,0,1,1,3,0,0,0,0
638,0,1,1,2,0,1,0,1,0
639,0,0,0,1,2,1,1,1,1
640,1,1,1,2,0,1,1,1,1
641,1,0,1,0,0,1,1,1,1
642,1,0,1,2,2,1,1,1,1
643,1,1,2,2,2,1,1,1,1
644,0,0,2,2,1,1,1,1,1
645,0,0,0,1,0,0,0,0,0
646,1,2,2,1,1,1,1,1,1
647,0,2,2,2,2,1,1,1,1
648,0,0,0,1,1,0,0,0,0
649,0,1,1,1,3,1,0,1,0
650,0,1,1,1,1,0,0,0,0
651,0,0,1,0,1,1,1,1,1
652,0,0,0,0,0,0,0,0,0
653,0,1,2,1,0,1,1,1,1
654,0,0,2,1,1,0,0,0,0
655,0,0,0,1,0,1,1,1,1
656,1,0,2,2,2,1,1,1,1
657,0,1,2,1,3,1,0,1,0
658,0,2,2,2,3,0,0,0,0
659,0,0,0,0,1,1,1,1,1
660,1,0,1,2,1,1,1,1,1
661,0,1,2,0,1,0,0,0,0
662,1,0,1,0,0,1,1,1,1
663,0,0,1,1,1,1,1,1,1
664,0,1,1,1,1,1,1,1,1
665,0,0,1,1,2,1,1,1,1
666,1,1,1,2,1,0,0,0,0
667,0,1,2,0,0,1,1,1,1
668,1,2,0,1,1,1,1,1,1
669,1,2,2,2,3,1,0,1,0
670,0,1,0,1,0,0,0,0,0
671,0,0,0,0,1,1,1,1,1
672,1,1,1,0,0,0,0,0,0
673,0,0,1,2,1,1,0,1,1
674,1,1,2,1,3,1,0,1,0
675,0,0,1,2,3,1,1,1,1
676,1,0,0,0,0,0,0,0,0
677,1,0,1,2,1,1,0,1,0
678,1,1,2,2,2,1,0,1,0
679,0,0,0,1,1,0,0,0,0
680,0,0,0,1,1,1,1,1,1
681,1,0,2,1,0,0,0,1,0
682,1,2,1,2,3,1,0,1,0
683,0,1,1,0,0,0,0,0,0
684,1,2,2,1,2,0,0,0,0
685,0,1,1,1,1,1,0,1,1
686,1,1,2,2,3,1,1,1,1
687,1,1,2,1,3,1,0,1,0
688,0,0,1,2,2,0,0,0,0
689,1,0,2,2,1,0,0,0,0
690,1,0,1,2,2,1,0,0,0
691,0,1,2,1,1,1,1,1,1
692,1,1,1,2,1,1,0,1,0
693,0,0,0,0,0,1,0,1,0
694,0,1,2,2,2,1,1,1,1
695,0,1,1,1,0,0,0,0,0
696,1,0,0,2,0,0,0,0,0
697,0,1,0,0,0,0,0,0,0
698,1,0,0,1,0,0,0,0,0
699,1,2,1,2,2,1,1,1,1
700,1,1,2,2,1,1,0,1,0
701,0,1,2,2,0,1,1,1,1
702,0,0,2,2,2,0,0,1,0
703,0,1,2,1,3,0,0,0,0
704,1,1,1,1,1,0,0,0,0
705,0,0,0,1,0,1,1,1,0
706,1,1,2,1,1,0,0,0,0
707,0,0,0,1,3,0,0,0,0
708,0,0,1,1,0,1,0,1,0
709,1,0,2,2,1,1,1,1,1
710,1,1,1,2,0,0,0,0,0
711,1,1,1,1,1,1,1,1,1
712,0,0,1,2,1,1,1,1,1
713,1,1,2,2,2,1,1,1,1
714,0,0,0,1,0,1,0,1,0
715,1,1,1,2,2,0,0,0,0
716,0,0,0,1,0,0,0,0,0
717,0,0,2,1,0,0,0,0,0
718,0,1,1,2,1,1,0,1,0
719,1,1,2,1,3,1,1,1,1
720,0,0,1,2,0,1,1,1,1
721,0,0,0,0,1,0,0,0,0
722,1,1,2,1,1,0,0,1,0
723,0,0,0,1,0,0,0,0,0
724,0,0,0,1,0,0,0,0,0
725,0,0,2,0,0,0,0,0,0
726,0,0,2,2,1,0,0,0,0
727,1,2,2,2,1,0,0,0,0
728,0,1,2,1,1,0,0,0,0
729,1,1,1,2,0,0,0,0,0
730,1,2,1,1,1,1,0,1,0
731,0,1,1,1,0,1,1,1,1
732,0,0,0,2,0,0,0,0,0
733,1,0,1,2,2,1,1,1,1
734,0,0,0,0,1,1,1,1,1
735,0,2,2,2,0,1,0,1,0
736,0,2,0,2,1,1,0,1,0
737,1,0,1,1,0,1,1,1,1
738,0,0,0,1,0,1,1,1,1
739,0,0,0,0,0,1,0,1,1
740,0,0,1,1,1,0,0,0,0
741,1,0,0,0,0,0,0,0,0
742,1,1,2,1,3,1,1,1,0
743,0,0,1,1,0,0,0,0,0
744,0,0,1,2,0,1,1,1,1
745,0,0,0,2,0,1,1,1,1
746,0,0,0,2,1,0,0,0,0
747,0,1,0,1,0,0,0,0,0
748,1,1,2,2,1,1,0,1,0
749,1,0,1,1,2,1,1,1,1
750,0,0,1,0,0,0,0,0,0
751,0,2,2,1,1,1,0,1,0
752,0,2,2,1,1,1,0,1,0
753,1,2,1,2,3,1,1,1,1
754,0,0,1,2,1,0,0,0,0
755,1,2,2,2,1,1,1,1,1
756,0,0,2,1,2,0,0,0,0
757,1,2,2,2,0,1,1,1,1
758,0,1,0,2,2,0,0,0,0
759,0,1,0,1,1,1,1,1,1
760,1,2,0,1,1,1,1,1,1
761,0,1,1,2,1,1,1,1,1
762,1,0,0,1,1,0,0,0,0
763,0,0,1,2,1,1,1,1,1
764,0,0,2,2,1,1,1,1,1
765,0,1,0,0,0,0,0,0,0
766,0,1,2,2,3,1,1,1,0
767,1,0,2,1,1,1,1,1,1
768,1,0,1,2,1,0,0,0,0
769,0,0,2,0,0,1,0,0,0
770,1,2,1,1,0,0,0,0,0
771,0,0,0,1,0,1,0,1,0
772,1,1,1,2,1,1,0,1,0
773,0,0,1,0,0,1,1,1,1
774,1,0,2,2,2,1,1,1,1
775,1,2,2,2,1,1,0,0,0
776,1,0,1,0,1,1,0,0,0
777,0,0,0,1,0,0,0,0,0
778,0,0,0,0,0,0,0,0,0
779,0,0,1,1,1,1,0,1,0
780,0,0,0,1,1,1,1,1,1
781,1,1,2,1,0,1,0,1,0
782,0,0,0,1,2,1,0,0,0
783,0,0,0,1,0,0,0,0,0
784,0,0,1,1,0,1,1,1,1
785,0,1,2,2,2,1,0,0,0
786,0,0,0,0,2,1,1,1,1
787,0,0,0,0,1,1,0,0,0
788,0,0,0,1,1,1,1,1,1
789,1,2,2,2,1,0,0,0,0
790,0,0,0,2,0,1,1,1,1
791,0,2,1,1,1,1,0,1,0
792,0,1,2,1,1,1,1,1,1
793,1,0,2,2,3,1,1,1,1
794,0,0,0,0,1,0,0,0,0
795,1,0,1,1,3,0,0,0,0
796,0,0,1,1,0,1,0,1,0
797,0,0,1,2,0,0,0,0,0
798,0,0,0,1,0,0,0,0,0
799,1,2,1,0,0,1,1,1,0
800,1,1,0,0,0,0,0,0,0
801,1,1,2,1,1,1,0,1,0
802,1,1,2,2,0,0,0,0,0
803,0,1,0,0,1,1,1,1,1
804,0,0,0,1,0,0,0,0,0
805,0,1,0,2,0,0,0,1,0
806,0,0,2,1,3,1,1,1,1
807,1,1,2,2,3,1,1,1,1
808,1,1,2,2,1,1,1,1,1
809,1,1,2,2,3,1,1,1,1
810,0,1,1,1,0,0,0,0,0
811,0,0,2,0,1,1,0,1,0
812,0,0,0,1,0,1,0,1,0
813,0,1,0,0,0,0,0,0,0
814,1,2,2,2,3,1,1,1,1
815,1,1,0,0,0,0,0,0,0
816,0,0,0,1,0,0,0,0,0
817,0,0,1,1,0,1,0,1,1
818,1,0,2,2,3,0,0,0,0
819,1,0,0,2,1,1,1,1,1
820,0,1,0,0,0,0,0,0,0
821,0,1,2,1,1,1,1,1,1
822,0,0,0,0,0,0,0,0,0
823,1,2,1,2,1,0,0,0,0
824,1,2,1,2,3,1,1,1,1
825,0,1,2,1,0,1,0,1,0
826,1,1,2,2,0,0,0,0,0
827,1,1,2,1,2,1,1,1,1
828,1,1,2,2,1,1,1,1,1
829,1,1,1,0,1,1,0,1,0
830,1,2,2,2,3,1,1,1,1
831,1,0,1,2,1,0,0,0,0
832,1,1,2,2,1,0,0,0,0
833,0,1,1,2,1,1,0,0,0
834,0,1,2,1,3,1,1,1,1
835,0,0,1,2,3,1,1,1,1
836,0,0,2,2,1,0,0,0,0
837,0,0,0,0,0,0,0,0,0
838,1,0,2,2,0,1,1,1,1
839,1,2,2,2,1,1,0,1,0
840,1,0,2,2,2,1,1,1,1
841,1,1,2,2,1,1,1,1,1
842,1,1,1,0,1,1,1,1,1
843,1,2,2,1,1,1,1,1,1
844,1,1,2,2,2,1,1,1,1
845,1,2,1,2,1,1,1,1,1
846,0,0,0,0,0,0,0,0,0
847,1,2,2,0,1,1,0,1,1
848,0,0,2,2,1,0,0,0,0
849,1,2,1,1,1,1,1,1,1
850,0,0,0,0,1,1,1,1,1
851,0,0,0,2,0,1,1,1,1
852,1,1,0,0,0,0,0,0,0
853,0,2,1,2,1,1,1,1,1
854,0,1,0,0,0,0,0,0,0
855,1,1,0,2,0,1,1,1,1
856,1,2,2,2,3,1,1,1,1
857,0,1,0,0,0,0,0,0,0
858,0,0,1,1,1,1,1,1,1
859,0,0,0,1,1,0,0,0,0
860,1,1,2,1,3,0,0,0,0
861,0,0,1,1,1,0,0,0,0
862,1,2,1,1,2,1,0,1,0
863,1,0,2,2,1,1,1,1,1
864,1,1,2,1,1,1,1,1,1
865,0,0,0,0,0,0,0,0,0
866,0,0,0,2,0,1,0,0,0
867,1,0,2,2,3,1,1,1,1
868,0,0,0,0,0,1,0,1,0
869,0,0,0,1,0,1,1,1,1
870,1,1,2,2,0,0,0,0,0
871,0,0,0,0,0,1,0,1,0
872,0,0,0,0,0,1,1,1,0
873,0,0,0,0,0,1,0,0,0
874,1,2,2,1,2,1,0,1,1
875,0,1,0,0,0,0,0,0,0
876,0,0,0,0,1,1,0,1,0
877,1,0,2,1,0,1,0,1,0
878,0,0,1,1,0,0,0,0,0
879,1,1,1,0,1,0,0,0,0
880,0,0,1,1,0,1,0,1,0
881,1,2,1,1,1,1,1,1,1
882,1,2,2,2,3,1,1,1,1
883,1,2,1,2,3,1,1,1,1
884,1,2,1,2,0,1,1,1,1
885,1,1,2,0,1,1,1,1,1
886,1,2,0,1,1,1,1,1,1
887,0,0,1,1,0,0,0,0,0
888,1,0,0,1,0,1,1,1,1
889,0,0,0,0,0,0,0,0,0
890,0,1,0,1,0,0,0,0,0
891,1,0,1,1,0,1,0,1,0
892,0,1,1,1,2,1,0,1,0
893,0,0,0,2,0,1,0,1,0
894,0,1,1,1,2,1,1,1,0
895,0,0,1,0,1,1,0,0,0
896,1,1,0,0,0,0,0,0,0
897,1,1,1,1,1,1,1,1,1
898,1,1,1,1,1,1,1,1,1
899,0,2,2,2,3,0,0,0,0
900,0,1,0,0,0,1,1,1,0
901,0,0,0,2,1,1,0,1,0
902,1,1,2,1,2,1,1,1,1
903,0,0,1,1,1,0,0,0,0
904,0,0,1,1,1,0,0,0,0
905,0,2,1,1,3,1,1,1,1
906,1,1,2,2,1,1,0,1,1
907,1,2,2,2,1,1,0,1,0
908,0,1,0,1,1,0,0,0,0
909,1,1,1,1,1,0,0,0,0
910,1,1,0,1,2,0,0,0,0
911,0,1,1,2,3,1,1,1,1
912,0,0,0,0,0,1,1,1,1
913,1,1,2,0,0,1,1,1,0
914,0,0,0,1,0,1,1,1,1
915,1,0,1,2,0,0,0,1,0
916,0,0,0,0,0,1,1,1,1
917,0,0,0,1,0,1,1,1,1
918,1,2,1,0,2,1,1,1,1
919,1,0,2,1,2,1,1,1,1
920,0,0,0,0,0,0,0,0,0
921,1,1,1,1,0,1,1,1,1
922,1,2,2,2,3,0,0,0,0
923,1,0,2,1,2,1,1,1,1
924,0,2,2,1,1,1,0,1,0
925,0,0,2,1,0,0,0,0,0
926,0,1,1,0,1,1,0,1,0
927,0,1,1,2,1,0,0,0,0
928,1,1,0,1,1,1,0,1,0
929,0,0,2,1,1,1,0,1,0
930,1,1,0,1,0,1,0,1,0
931,1,0,0,0,0,0,0,0,0
932,0,1,0,0,0,0,0,0,0
933,0,0,0,2,0,0,0,0,0
934,0,1,1,1,0,1,1,1,1
935,1,2,0,0,0,0,0,0,0
936,1,1,1,1,0,1,0,1,0
937,0,0,2,1,0,1,1,1,1
938,0,0,2,2,3,0,0,0,0
939,1,0,2,2,1,1,0,1,0
940,1,1,2,2,3,0,0,1,0
941,1,0,0,0,3,1,0,0,0
942,0,1,0,0,0,0,0,0,0
943,0,1,0,1,0,1,1,1,1
944,1,1,2,1,3,1,1,1,0
945,0,0,0,0,0,1,0,1,0
946,1,1,2,2,1,0,0,0,0
947,0,2,0,2,2,1,1,1,1
948,0,0,0,1,0,0,0,0,0
949,0,0,1,2,0,0,0,0,0
950,0,0,0,0,0,0,0,0,0
951,1,0,1,1,2,1,1,1,1
952,0,0,2,1,1,0,0,0,0
953,0,0,1,1,0,0,0,0,0
954,0,1,0,0,1,1,0,0,0
955,0,1,0,0,0,1,0,1,0
956,0,0,2,2,1,0,0,0,0
957,1,0,0,1,0,0,0,0,0
958,0,0,1,0,1,0,0,0,0
959,1,2,2,1,1,1,0,1,0
960,1,1,2,1,2,1,1,1,1
961,0,0,2,2,3,1,1,1,1
962,1,0,2,2,1,0,0,0,0
963,1,0,1,2,3,0,0,0,0
964,0,0,1,2,3,1,1,1,1
965,0,0,1,1,1,0,0,0,0
966,1,0,1,1,0,0,0,0,0
967,1,2,2,2,0,1,1,1,1
968,0,0,0,0,1,1,0,1,0
969,1,2,0,0,0,1,1,1,1
970,0,0,1,1,2,0,0,1,0
971,1,0,1,1,2,1,0,1,1
972,1,1,2,2,3,1,0,1,0
973,1,1,2,2,2,1,1,1,1
974,1,1,2,2,0,0,0,0,0
975,0,1,2,2,1,1,1,1,1
976,1,2,2,2,0,1,0,1,1
977,0,0,0,1,0,0,0,0,0
978,0,1,0,1,0,0,0,0,0
979,0,0,0,0,0,1,1,1,1
980,0,0,0,1,0,1,1,1,1
981,1,0,1,2,0,1,1,1,1
982,0,0,0,0,0,1,0,1,0
983,0,0,0,2,1,1,0,1,0
984,0,1,2,1,0,0,0,0,0
985,0,0,1,1,0,0,0,0,0
986,0,0,0,0,1,0,0,0,0
987,1,1,0,1,2,1,1,1,1
988,0,0,0,1,0,1,1,1,1
989,0,1,1,1,3,0,0,0,0
990,1,0,1,2,0,1,0,1,0
991,0,0,0,1,1,1,1,1,1
992,0,0,0,0,0,0,0,0,0
993,0,0,1,1,1,0,0,0,0
994,0,1,0,0,0,1,1,1,1
995,1,0,0,2,1,0,0,0,0
996,1,0,0,1,1,1,1,1,1
997,1,2,2,2,3,1,1,1,1
998,0,0,0,1,1,1,1,1,1
999,0,1,1,2,3,1,0,1,0
